-- phpMyAdmin SQL Dump
-- version 5.2.1
-- https://www.phpmyadmin.net/
--
-- Host: 127.0.0.1
-- Generation Time: Dec 01, 2024 at 01:43 PM
-- Server version: 10.4.32-MariaDB
-- PHP Version: 8.2.12

SET SQL_MODE = "NO_AUTO_VALUE_ON_ZERO";
START TRANSACTION;
SET time_zone = "+00:00";


/*!40101 SET @OLD_CHARACTER_SET_CLIENT=@@CHARACTER_SET_CLIENT */;
/*!40101 SET @OLD_CHARACTER_SET_RESULTS=@@CHARACTER_SET_RESULTS */;
/*!40101 SET @OLD_COLLATION_CONNECTION=@@COLLATION_CONNECTION */;
/*!40101 SET NAMES utf8mb4 */;

--
-- Database: `mvogms_db`
--

-- --------------------------------------------------------

--
-- Table structure for table `cart_list`
--

CREATE TABLE `cart_list` (
  `id` int(30) NOT NULL,
  `client_id` int(30) NOT NULL,
  `product_id` int(30) NOT NULL,
  `quantity` float NOT NULL DEFAULT 0
) ENGINE=InnoDB DEFAULT CHARSET=utf8mb4 COLLATE=utf8mb4_general_ci;

-- --------------------------------------------------------

--
-- Table structure for table `category_list`
--

CREATE TABLE `category_list` (
  `id` int(30) NOT NULL,
  `vendor_id` int(30) NOT NULL,
  `name` text NOT NULL,
  `description` text NOT NULL,
  `status` tinyint(1) NOT NULL DEFAULT 1,
  `delete_flag` tinyint(1) NOT NULL DEFAULT 0,
  `date_created` datetime NOT NULL DEFAULT current_timestamp(),
  `date_updated` datetime DEFAULT NULL ON UPDATE current_timestamp()
) ENGINE=InnoDB DEFAULT CHARSET=utf8mb4 COLLATE=utf8mb4_general_ci;

--
-- Dumping data for table `category_list`
--

INSERT INTO `category_list` (`id`, `vendor_id`, `name`, `description`, `status`, `delete_flag`, `date_created`, `date_updated`) VALUES
(10, 4, 'Shirts', 'Shirts', 1, 0, '2024-11-29 23:43:53', NULL),
(11, 4, 'Pants', 'Pants pambahay', 1, 0, '2024-11-29 23:44:02', NULL),
(13, 4, 'Dress', 'Dress for girls', 1, 0, '2024-12-01 17:24:40', NULL);

-- --------------------------------------------------------

--
-- Table structure for table `client_list`
--

CREATE TABLE `client_list` (
  `id` int(30) NOT NULL,
  `code` varchar(100) NOT NULL,
  `firstname` text NOT NULL,
  `middlename` text DEFAULT NULL,
  `lastname` text NOT NULL,
  `gender` text NOT NULL,
  `contact` text NOT NULL,
  `address` text NOT NULL,
  `email` text NOT NULL,
  `password` text NOT NULL,
  `avatar` text DEFAULT NULL,
  `status` tinyint(1) NOT NULL DEFAULT 1,
  `delete_flag` tinyint(1) NOT NULL DEFAULT 0,
  `date_created` datetime NOT NULL DEFAULT current_timestamp(),
  `date_updated` datetime DEFAULT NULL ON UPDATE current_timestamp()
) ENGINE=InnoDB DEFAULT CHARSET=utf8mb4 COLLATE=utf8mb4_general_ci;

--
-- Dumping data for table `client_list`
--

INSERT INTO `client_list` (`id`, `code`, `firstname`, `middlename`, `lastname`, `gender`, `contact`, `address`, `email`, `password`, `avatar`, `status`, `delete_flag`, `date_created`, `date_updated`) VALUES
(1, '202202-00001', 'John', 'D', 'Smith', 'Male', '09123456789', 'This is only my sample address', 'jsmith@sample.com', '1254737c076cf867dc53d60a0364f38e', 'uploads/clients/1.png?v=1644386016', 1, 1, '2022-02-09 13:53:36', '2024-12-01 16:58:49'),
(2, '202202-00002', 'test', 'test', 'test', 'Male', '094564654', 'test', 'test@sample.com', '098f6bcd4621d373cade4e832627b4f6', 'uploads/clients/2.png?v=1644471867', 1, 1, '2022-02-10 13:44:26', '2022-02-10 13:44:35'),
(3, '202411-00001', 'Art Michael', 'Ebol', 'Cadiz', 'Female', '09877899876', 'Fabian Street., Zone 1, Ayala, Zamboanga City, Philippines, Earth', 'mc1791798@gmail.com', '4297f44b13955235245b2497399d7a93', 'uploads/clients/3.png?v=1732895143', 1, 0, '2024-11-29 23:45:43', '2024-11-29 23:45:43'),
(4, '202412-00001', 'Gio', 'G', 'Guevarra', 'Male', '0987899876', 'Ayala Atyala AtalAytala', 'gio@gmail.com', '4297f44b13955235245b2497399d7a93', 'uploads/clients/4.png?v=1733045532', 1, 0, '2024-12-01 17:32:11', '2024-12-01 17:32:12');

-- --------------------------------------------------------

--
-- Table structure for table `order_items`
--

CREATE TABLE `order_items` (
  `order_id` int(30) NOT NULL,
  `product_id` int(30) NOT NULL,
  `quantity` double NOT NULL DEFAULT 0,
  `price` double NOT NULL DEFAULT 0,
  `date_created` datetime NOT NULL DEFAULT current_timestamp()
) ENGINE=InnoDB DEFAULT CHARSET=utf8mb4 COLLATE=utf8mb4_general_ci;

--
-- Dumping data for table `order_items`
--

INSERT INTO `order_items` (`order_id`, `product_id`, `quantity`, `price`, `date_created`) VALUES
(10, 14, 1, 2000, '2024-12-01 17:32:55'),
(10, 12, 1, 100, '2024-12-01 17:32:55');

-- --------------------------------------------------------

--
-- Table structure for table `order_list`
--

CREATE TABLE `order_list` (
  `id` int(30) NOT NULL,
  `code` varchar(100) NOT NULL,
  `client_id` int(30) NOT NULL,
  `vendor_id` int(30) NOT NULL,
  `total_amount` double NOT NULL DEFAULT 0,
  `delivery_address` text NOT NULL,
  `status` tinyint(1) NOT NULL DEFAULT 0,
  `date_created` datetime NOT NULL DEFAULT current_timestamp(),
  `date_updated` datetime DEFAULT NULL ON UPDATE current_timestamp()
) ENGINE=InnoDB DEFAULT CHARSET=utf8mb4 COLLATE=utf8mb4_general_ci;

--
-- Dumping data for table `order_list`
--

INSERT INTO `order_list` (`id`, `code`, `client_id`, `vendor_id`, `total_amount`, `delivery_address`, `status`, `date_created`, `date_updated`) VALUES
(1, '202202-00001', 1, 1, 4500, 'This is only my sample address', 5, '2022-02-10 09:56:49', '2022-02-10 11:52:53'),
(2, '202202-00002', 1, 2, 7359.9, 'This is only my sample address', 0, '2022-02-10 09:56:49', '2022-02-10 09:56:49'),
(3, '202202-00003', 1, 1, 1325, 'This is only my sample address', 1, '2022-02-10 10:29:00', '2022-02-10 12:09:59'),
(4, '202202-00004', 1, 2, 2320.61, 'This is only my sample address', 0, '2022-02-10 10:29:01', '2022-02-10 10:29:01'),
(5, '202411-00001', 3, 4, 3000, 'Fabian Street., Zone 1, Ayala, Zamboanga City, Philippines, Earth', 4, '2024-11-29 23:46:15', '2024-12-01 16:47:30'),
(6, '202411-00002', 3, 2, 515.39, 'Fabian Street., Zone 1, Ayala, Zamboanga City, Philippines, Earth', 0, '2024-11-30 11:40:18', '2024-11-30 11:40:18'),
(7, '202411-00003', 3, 2, 391.5, 'Fabian Street., Zone 1, Ayala, Zamboanga City, Philippines, Earth', 0, '2024-11-30 22:35:37', '2024-11-30 22:35:37'),
(8, '202412-00001', 3, 4, 123124123, 'Fabian Street., Zone 1, Ayala, Zamboanga City, Philippines, Earth', 5, '2024-12-01 15:39:22', '2024-12-01 16:47:05'),
(9, '202412-00002', 3, 1, 210, 'Fabian Street., Zone 1, Ayala, Zamboanga City, Philippines, Earth', 0, '2024-12-01 15:39:22', '2024-12-01 15:39:22'),
(10, '202412-00003', 4, 4, 2100, 'Ayala Atyala AtalAytala', 3, '2024-12-01 17:32:55', '2024-12-01 17:33:39');

-- --------------------------------------------------------

--
-- Table structure for table `product_list`
--

CREATE TABLE `product_list` (
  `id` int(30) NOT NULL,
  `vendor_id` int(30) DEFAULT NULL,
  `category_id` int(30) DEFAULT NULL,
  `name` text NOT NULL,
  `description` text NOT NULL,
  `price` double NOT NULL DEFAULT 0,
  `image_path` text DEFAULT NULL,
  `status` tinyint(1) NOT NULL DEFAULT 1,
  `delete_flag` tinyint(1) NOT NULL DEFAULT 0,
  `date_created` datetime NOT NULL DEFAULT current_timestamp(),
  `date_updated` datetime DEFAULT NULL ON UPDATE current_timestamp()
) ENGINE=InnoDB DEFAULT CHARSET=utf8mb4 COLLATE=utf8mb4_general_ci;

--
-- Dumping data for table `product_list`
--

INSERT INTO `product_list` (`id`, `vendor_id`, `category_id`, `name`, `description`, `price`, `image_path`, `status`, `delete_flag`, `date_created`, `date_updated`) VALUES
(12, 4, 10, 'Test', '&lt;p&gt;Tshirtt Black&lt;/p&gt;', 100, 'uploads/products/12.png?v=1733044986', 1, 0, '2024-12-01 17:22:52', '2024-12-01 17:23:06'),
(13, 4, 10, 'Beige Tshirt', '&lt;p&gt;Shirt&lt;/p&gt;', 1000, 'uploads/products/13.png?v=1733045036', 1, 0, '2024-12-01 17:23:45', '2024-12-01 17:23:56'),
(14, 4, 13, 'Matcha Dress', '&lt;p&gt;Dress for girls&lt;/p&gt;', 2000, 'uploads/products/14.png?v=1733045129', 1, 0, '2024-12-01 17:25:27', '2024-12-01 17:25:29'),
(15, 4, 10, 'Green Tshirt', '&lt;p&gt;Large Tshirt&lt;/p&gt;', 200, 'uploads/products/15.png?v=1733045227', 1, 0, '2024-12-01 17:26:51', '2024-12-01 17:27:07');

-- --------------------------------------------------------

--
-- Table structure for table `shop_type_list`
--

CREATE TABLE `shop_type_list` (
  `id` int(30) NOT NULL,
  `name` text NOT NULL,
  `status` tinyint(1) NOT NULL DEFAULT 1,
  `delete_flag` tinyint(1) NOT NULL DEFAULT 0,
  `date_created` datetime NOT NULL DEFAULT current_timestamp(),
  `date_updated` datetime DEFAULT NULL ON UPDATE current_timestamp()
) ENGINE=InnoDB DEFAULT CHARSET=utf8mb4 COLLATE=utf8mb4_general_ci;

--
-- Dumping data for table `shop_type_list`
--

INSERT INTO `shop_type_list` (`id`, `name`, `status`, `delete_flag`, `date_created`, `date_updated`) VALUES
(1, 'Any', 1, 0, '2022-02-09 08:49:34', '2024-12-01 17:00:36'),
(2, 'Pants Store', 1, 0, '2022-02-09 08:49:46', '2024-12-01 17:00:13'),
(3, 'Accessories', 1, 1, '2022-02-09 08:50:31', '2024-12-01 17:00:55'),
(4, 'T-shirts Store', 1, 0, '2022-02-09 08:50:36', '2024-12-01 16:59:43'),
(5, 'Others', 1, 1, '2022-02-09 08:50:41', '2022-02-09 08:50:45'),
(6, 'Accessories', 1, 0, '2024-12-01 17:01:06', NULL);

-- --------------------------------------------------------

--
-- Table structure for table `system_info`
--

CREATE TABLE `system_info` (
  `id` int(30) NOT NULL,
  `meta_field` text NOT NULL,
  `meta_value` text NOT NULL
) ENGINE=InnoDB DEFAULT CHARSET=utf8mb4 COLLATE=utf8mb4_general_ci;

--
-- Dumping data for table `system_info`
--

INSERT INTO `system_info` (`id`, `meta_field`, `meta_value`) VALUES
(1, 'name', 'GORILLA'),
(6, 'short_name', 'GORILLA'),
(11, 'logo', 'uploads/logo-1732894822.png'),
(13, 'user_avatar', 'uploads/user_avatar.jpg'),
(14, 'cover', 'uploads/cover-1732894836.png');

-- --------------------------------------------------------

--
-- Table structure for table `users`
--

CREATE TABLE `users` (
  `id` int(50) NOT NULL,
  `firstname` varchar(250) NOT NULL,
  `lastname` varchar(250) NOT NULL,
  `username` text NOT NULL,
  `password` text NOT NULL,
  `avatar` text DEFAULT NULL,
  `last_login` datetime DEFAULT NULL,
  `type` tinyint(1) NOT NULL DEFAULT 0,
  `date_added` datetime NOT NULL DEFAULT current_timestamp(),
  `date_updated` datetime DEFAULT NULL ON UPDATE current_timestamp()
) ENGINE=InnoDB DEFAULT CHARSET=utf8mb4 COLLATE=utf8mb4_general_ci;

--
-- Dumping data for table `users`
--

INSERT INTO `users` (`id`, `firstname`, `lastname`, `username`, `password`, `avatar`, `last_login`, `type`, `date_added`, `date_updated`) VALUES
(1, 'Adminstrator', 'Admin', 'admin', '0192023a7bbd73250516f069df18b500', 'uploads/avatar-1.png?v=1733045886', NULL, 1, '2021-01-20 14:02:37', '2024-12-01 17:38:06'),
(11, 'Art', 'Cadiz', 'lvl100boss', '4297f44b13955235245b2497399d7a93', 'uploads/avatar-11.png?v=1732895454', NULL, 2, '2022-02-10 13:55:52', '2024-11-29 23:50:54'),
(12, 'Myke', 'Jimenez', 'myke101', '4297f44b13955235245b2497399d7a93', 'uploads/avatar-12.png?v=1733043772', NULL, 2, '2024-12-01 17:02:51', '2024-12-01 17:02:52');

-- --------------------------------------------------------

--
-- Table structure for table `vendor_list`
--

CREATE TABLE `vendor_list` (
  `id` int(30) NOT NULL,
  `code` varchar(100) NOT NULL,
  `shop_type_id` int(30) NOT NULL,
  `shop_name` text NOT NULL,
  `shop_owner` text NOT NULL,
  `contact` text NOT NULL,
  `username` text NOT NULL,
  `password` text NOT NULL,
  `avatar` text DEFAULT NULL,
  `status` tinyint(1) NOT NULL DEFAULT 1,
  `delete_flag` tinyint(1) NOT NULL DEFAULT 0,
  `date_created` datetime NOT NULL DEFAULT current_timestamp(),
  `date_updated` datetime DEFAULT NULL ON UPDATE current_timestamp()
) ENGINE=InnoDB DEFAULT CHARSET=utf8mb4 COLLATE=utf8mb4_general_ci;

--
-- Dumping data for table `vendor_list`
--

INSERT INTO `vendor_list` (`id`, `code`, `shop_type_id`, `shop_name`, `shop_owner`, `contact`, `username`, `password`, `avatar`, `status`, `delete_flag`, `date_created`, `date_updated`) VALUES
(1, '202202-00001', 4, 'Shop101', 'Shop 101 Owner', '09123456788', 'shop101', 'ee6c4d4ba80f29dd389f0deb8863de69', 'uploads/vendors/1.png?v=1644375053', 1, 1, '2022-02-09 10:50:53', '2024-12-01 16:58:36'),
(2, '202202-00002', 1, 'Shop102', 'John Miller', '09123456789', 'shop102', '90be022251077e3488c998613214df74', 'uploads/vendors/2.png?v=1644375129', 1, 1, '2022-02-09 10:52:09', '2024-12-01 16:58:40'),
(3, '202202-00003', 2, 'test', 'test', '123123123', 'test', '098f6bcd4621d373cade4e832627b4f6', 'uploads/vendors/3.png?v=1644471934', 1, 1, '2022-02-10 13:45:34', '2022-02-10 13:50:15'),
(4, '202411-00001', 4, 'Aldrikz Clothing', 'Aldrikz Suarez', '09877899876', 'aldrikz', '4297f44b13955235245b2497399d7a93', 'uploads/vendors/4.png?v=1732894913', 1, 0, '2024-11-29 23:41:53', '2024-11-29 23:41:53');

--
-- Indexes for dumped tables
--

--
-- Indexes for table `cart_list`
--
ALTER TABLE `cart_list`
  ADD PRIMARY KEY (`id`),
  ADD KEY `client_id` (`client_id`),
  ADD KEY `product_id` (`product_id`);

--
-- Indexes for table `category_list`
--
ALTER TABLE `category_list`
  ADD PRIMARY KEY (`id`),
  ADD KEY `vendor_id` (`vendor_id`);

--
-- Indexes for table `client_list`
--
ALTER TABLE `client_list`
  ADD PRIMARY KEY (`id`);

--
-- Indexes for table `order_items`
--
ALTER TABLE `order_items`
  ADD KEY `order_id` (`order_id`),
  ADD KEY `product_id` (`product_id`);

--
-- Indexes for table `order_list`
--
ALTER TABLE `order_list`
  ADD PRIMARY KEY (`id`),
  ADD KEY `client_id` (`client_id`),
  ADD KEY `vendor_id` (`vendor_id`);

--
-- Indexes for table `product_list`
--
ALTER TABLE `product_list`
  ADD PRIMARY KEY (`id`),
  ADD KEY `vendor_id` (`vendor_id`),
  ADD KEY `category_id` (`category_id`) USING BTREE;

--
-- Indexes for table `shop_type_list`
--
ALTER TABLE `shop_type_list`
  ADD PRIMARY KEY (`id`);

--
-- Indexes for table `system_info`
--
ALTER TABLE `system_info`
  ADD PRIMARY KEY (`id`);

--
-- Indexes for table `users`
--
ALTER TABLE `users`
  ADD PRIMARY KEY (`id`);

--
-- Indexes for table `vendor_list`
--
ALTER TABLE `vendor_list`
  ADD PRIMARY KEY (`id`),
  ADD KEY `shop_type_id` (`shop_type_id`);

--
-- AUTO_INCREMENT for dumped tables
--

--
-- AUTO_INCREMENT for table `cart_list`
--
ALTER TABLE `cart_list`
  MODIFY `id` int(30) NOT NULL AUTO_INCREMENT, AUTO_INCREMENT=29;

--
-- AUTO_INCREMENT for table `category_list`
--
ALTER TABLE `category_list`
  MODIFY `id` int(30) NOT NULL AUTO_INCREMENT, AUTO_INCREMENT=14;

--
-- AUTO_INCREMENT for table `client_list`
--
ALTER TABLE `client_list`
  MODIFY `id` int(30) NOT NULL AUTO_INCREMENT, AUTO_INCREMENT=5;

--
-- AUTO_INCREMENT for table `order_list`
--
ALTER TABLE `order_list`
  MODIFY `id` int(30) NOT NULL AUTO_INCREMENT, AUTO_INCREMENT=11;

--
-- AUTO_INCREMENT for table `product_list`
--
ALTER TABLE `product_list`
  MODIFY `id` int(30) NOT NULL AUTO_INCREMENT, AUTO_INCREMENT=16;

--
-- AUTO_INCREMENT for table `shop_type_list`
--
ALTER TABLE `shop_type_list`
  MODIFY `id` int(30) NOT NULL AUTO_INCREMENT, AUTO_INCREMENT=7;

--
-- AUTO_INCREMENT for table `system_info`
--
ALTER TABLE `system_info`
  MODIFY `id` int(30) NOT NULL AUTO_INCREMENT, AUTO_INCREMENT=15;

--
-- AUTO_INCREMENT for table `users`
--
ALTER TABLE `users`
  MODIFY `id` int(50) NOT NULL AUTO_INCREMENT, AUTO_INCREMENT=13;

--
-- AUTO_INCREMENT for table `vendor_list`
--
ALTER TABLE `vendor_list`
  MODIFY `id` int(30) NOT NULL AUTO_INCREMENT, AUTO_INCREMENT=5;

--
-- Constraints for dumped tables
--

--
-- Constraints for table `cart_list`
--
ALTER TABLE `cart_list`
  ADD CONSTRAINT `cart_list_ibfk_1` FOREIGN KEY (`client_id`) REFERENCES `client_list` (`id`) ON DELETE CASCADE,
  ADD CONSTRAINT `cart_list_ibfk_2` FOREIGN KEY (`product_id`) REFERENCES `product_list` (`id`) ON DELETE CASCADE;

--
-- Constraints for table `category_list`
--
ALTER TABLE `category_list`
  ADD CONSTRAINT `category_list_ibfk_1` FOREIGN KEY (`vendor_id`) REFERENCES `vendor_list` (`id`) ON DELETE CASCADE;

--
-- Constraints for table `order_items`
--
ALTER TABLE `order_items`
  ADD CONSTRAINT `order_items_ibfk_1` FOREIGN KEY (`order_id`) REFERENCES `order_list` (`id`) ON DELETE CASCADE,
  ADD CONSTRAINT `order_items_ibfk_2` FOREIGN KEY (`product_id`) REFERENCES `product_list` (`id`) ON DELETE CASCADE;

--
-- Constraints for table `order_list`
--
ALTER TABLE `order_list`
  ADD CONSTRAINT `order_list_ibfk_1` FOREIGN KEY (`client_id`) REFERENCES `client_list` (`id`) ON DELETE CASCADE,
  ADD CONSTRAINT `order_list_ibfk_2` FOREIGN KEY (`vendor_id`) REFERENCES `vendor_list` (`id`) ON DELETE CASCADE;

--
-- Constraints for table `product_list`
--
ALTER TABLE `product_list`
  ADD CONSTRAINT `product_list_ibfk_1` FOREIGN KEY (`vendor_id`) REFERENCES `vendor_list` (`id`) ON DELETE SET NULL,
  ADD CONSTRAINT `product_list_ibfk_2` FOREIGN KEY (`category_id`) REFERENCES `category_list` (`id`) ON DELETE CASCADE;

--
-- Constraints for table `vendor_list`
--
ALTER TABLE `vendor_list`
  ADD CONSTRAINT `vendor_list_ibfk_1` FOREIGN KEY (`shop_type_id`) REFERENCES `shop_type_list` (`id`) ON DELETE CASCADE;
COMMIT;

/*!40101 SET CHARACTER_SET_CLIENT=@OLD_CHARACTER_SET_CLIENT */;
/*!40101 SET CHARACTER_SET_RESULTS=@OLD_CHARACTER_SET_RESULTS */;
/*!40101 SET COLLATION_CONNECTION=@OLD_COLLATION_CONNECTION */;
